<?xml version="1.0" encoding="UTF-8" ?>
<!DOCTYPE mapper PUBLIC "-//mybatis.org//DTD Mapper 3.0//EN" "http://mybatis.org/dtd/mybatis-3-mapper.dtd" >
<mapper namespace="mapper.NewsMapper">
	<resultMap id="BaseResult" type="com.gui.bean.News">
		<id column="newsId" property="newsId" jdbcType="INTEGER" />
		<result column="newsTitle" property="newsTitle" jdbcType="VARCHAR" />
		<result column="newsContent" property="newsContent" jdbcType="VARCHAR" />
		<result column="newsStatus" property="newsStatus" jdbcType="VARCHAR" />
		<result column="newsPhotoUrl" property="newsPhotoUrl" jdbcType="VARCHAR" />
		<result column="newsType" property="newsType" jdbcType="VARCHAR" />
		<result column="createTime" property="createTime" jdbcType="DATE" />
	</resultMap>

	<!-- 接收传入的参数:parameterType parameterMap -->
	<!-- 返回结果类型：resultType resultMap -->
	<!-- #{}编译后存在?   ${}取值 -->
	<select id="selectByPage" parameterType="java.util.Map" resultMap="BaseResult">
		select * from news limit #{bSize},#{pSize}
	</select>
	
	<select id="selectCount" resultType="java.lang.Integer">
		select count(*) from news
	</select>
	<delete id="deleteNews" parameterType="int">
		delete from news where newsId=#{id}
	</delete>
	<update id="updateNews" parameterType="news">
		update news set newsTitle=#{newsTitle} ,newsContent=#{newsContent} ,
			newsType=#{newsType} where newsId=#{newsId}
	</update>
	
	<update id="shenheNews" parameterType="news">
			update news set newsStatus=#{newsStatus} where newsId=#{newsId}
	</update>
	
	<insert id="addNews" parameterType="news">
		insert into news(newsTitle,newsContent,newsStatus,newsPhotoUrl,newsType,createTime) 
		values(#{newsTitle},#{newsContent},#{newsStatus},#{newsPhotoUrl},#{newsType},#{createTime})
	</insert>
	
	<select id="selectNewsById" parameterType="int" resultMap="BaseResult">
		select * from news where newsId=#{id}
	</select>
	
	<select id="selectByVaule" parameterType="com.gui.bean.Para" resultMap="BaseResult">
		
		select * from news where    
		<choose>
		    <when test="selectType=='newsTitle' or selectType=='newsContent' ">
		      ${selectType} like '%${selectContent}%'
		    </when>
		    <otherwise>
		      ${selectType} = #{selectContent}
		    </otherwise>
	  	</choose>
		
	</select>
	

	

	
</mapper>
