<?xml version="1.0" encoding="UTF-8" ?>
<!DOCTYPE mapper PUBLIC "-//mybatis.org//DTD Mapper 3.0//EN" "http://mybatis.org/dtd/mybatis-3-mapper.dtd" >
<mapper namespace="com.gui.dao.IUserDao_mybatis">

	<resultMap id="BaseResultMap" type="com.gui.bean.User">
		<id column="Id" property="id" jdbcType="INTEGER" />
		<result column="username" property="username" jdbcType="VARCHAR" />
		<result column="password" property="password" jdbcType="VARCHAR" />
		<result column="email" property="email" jdbcType="VARCHAR" />
		<result column="sex" property="sex" jdbcType="VARCHAR" />
		<result column="photoUrl" property="photoUrl" jdbcType="VARCHAR" />
	</resultMap>
	<!-- 接收传入的参数:parameterType parameterMap -->
	<!-- 返回结果类型：resultType resultMap -->

	<insert id="zhuce" parameterType="com.gui.bean.User">
		insert into user(username,password,email,sex,photoUrl) 
		  values(#{username},#{password},#{email},#{sex},#{photoUrl})
	</insert>
	
	<select id="login"  parameterType="com.gui.bean.User" resultMap="BaseResultMap">
		select * from user where username=#{username} and password = #{password}
	</select>


</mapper>