<?xml version="1.0" encoding="UTF-8"?>
<beans xmlns="http://www.springframework.org/schema/beans"
	xmlns:xsi="http://www.w3.org/2001/XMLSchema-instance" xmlns:mvc="http://www.springframework.org/schema/mvc"
	xmlns:context="http://www.springframework.org/schema/context"
	xmlns:aop="http://www.springframework.org/schema/aop" xmlns:tx="http://www.springframework.org/schema/tx"
	xsi:schemaLocation="http://www.springframework.org/schema/beans 
http://www.springframework.org/schema/beans/spring-beans-3.0.xsd 
http://www.springframework.org/schema/mvc 
http://www.springframework.org/schema/mvc/spring-mvc-3.2.xsd 
http://www.springframework.org/schema/context 
http://www.springframework.org/schema/context/spring-context-3.0.xsd 
http://www.springframework.org/schema/aop 
http://www.springframework.org/schema/aop/spring-aop-3.0.xsd 
http://www.springframework.org/schema/tx 
http://www.springframework.org/schema/tx/spring-tx-3.0.xsd ">
	<!-- <bean class="org.springframework.web.servlet.handler.BeanNameUrlHandlerMapping"></bean> 
		<bean name="/zhuce.do" class="com.gui.controller.ZhuceAction"></bean> -->
	<!-- scan扫描器 -->
	<context:component-scan base-package="com.gui.*"></context:component-scan>

	<!-- 视图解析器 -->
	<bean 
		class="org.springframework.web.servlet.view.InternalResourceViewResolver">
		<property name="prefix" value="/WEB-INF/page/"></property>
		<property name="suffix" value=".jsp"></property>
	</bean>

	<context:property-placeholder location="classpath:db.properties" />
	<!-- 数据库的连接池 -->
	<bean id="dateSource" class="com.mchange.v2.c3p0.ComboPooledDataSource">
		<property name="user" value="${jdbc.user}"></property>
		<property name="password" value="${jdbc.password}"></property>
		<property name="driverClass" value="${jdbc.driverClass}"></property>
		<property name="jdbcUrl" value="${jdbc.jdbcUrl}"></property>
		<property name="initialPoolSize" value="10"></property>
	</bean>
	<!-- spring封装好jdbc的类JdbcTemplate -->
	<bean id="jdbcTemplate" class="org.springframework.jdbc.core.JdbcTemplate">
		<property name="dataSource" ref="dateSource"></property>
	</bean>
	<!-- spring与mybatis封装好jdbc的类SqlSessionFactoryBean -->
	<bean id="sqlSessionFactory" class="org.mybatis.spring.SqlSessionFactoryBean">
		<property name="dataSource" ref="dateSource"></property>
		<property name="configLocation" value="classpath:sqlMapConfig.xml"></property>
	</bean>
	<bean id="sqlSession" class="org.mybatis.spring.SqlSessionTemplate">
  		<constructor-arg index="0" ref="sqlSessionFactory" />
	</bean>
	<!--  
	<bean id="userMapper" class="org.mybatis.spring.mapper.MapperFactoryBean">
	  <property name="mapperInterface" value="com.gui.dao.IUserDao_mybatis" />
	  <property name="sqlSessionFactory" ref="sqlSessionFactory" />
	</bean>
	-->
	
	<bean class="org.mybatis.spring.mapper.MapperScannerConfigurer">
	  <property name="basePackage" value="com.gui.dao" />
	</bean>

	

	<!-- SpringMVC上传文件时，需要配置MultipartResolver处理器 -->
	<bean id="multipartResolver"
		class="org.springframework.web.multipart.commons.CommonsMultipartResolver">
		<property name="defaultEncoding" value="UTF-8" />
		<!-- 指定所上传文件的总大小,单位字节。注意maxUploadSize属性的限制不是针对单个文件，而是所有文件的容量之和 -->
		<property name="maxUploadSize" value="102400000" />
	</bean>
	
	<!-- 拦截器 -->
	<mvc:interceptors>
	<mvc:interceptor>
	<mvc:mapping path="/**"/>
	<mvc:mapping path="*.do"></mvc:mapping>
	<bean class="com.gui.interceptor.Myinterceptor"></bean>
	</mvc:interceptor>
	</mvc:interceptors>
	
</beans> 